

INSERT INTO Faculty VALUES('Engineering and Information Sciences');
INSERT INTO Faculty VALUES('Law, Humanities and the Arts');
INSERT INTO Faculty VALUES('Science, Medicine and Health');
INSERT INTO Faculty VALUES('Social Science');
INSERT INTO Faculty VALUES('Business');



INSERT INTO Academic VALUES( 'Gene');
INSERT INTO Academic VALUES( 'Ian Piper');
INSERT INTO Academic VALUES( 'Angela Piper');
INSERT INTO Academic VALUES( 'George Zhou');
INSERT INTO Academic VALUES( 'Luke McAven');
INSERT INTO Academic VALUES( 'Hoa Dam');
INSERT INTO Academic VALUES( 'Stevie Brown');
INSERT INTO Academic VALUES( 'Slim Cosgow');
INSERT INTO Academic VALUES( 'Bron Clarsen');
INSERT INTO Academic VALUES( 'Clive Sharp');
INSERT INTO Academic VALUES( 'Linda Iron');
INSERT INTO Academic VALUES( 'Susie Angle');
INSERT INTO Academic VALUES( 'Paul Joey');
INSERT INTO Academic VALUES( 'Barb Mack');
INSERT INTO Academic VALUES( 'Brian Train');
INSERT INTO Academic VALUES( 'Natalie Irwin');
INSERT INTO Academic VALUES( 'Sam McMain');
INSERT INTO Academic VALUES( 'Lisa Kevin');
INSERT INTO Academic VALUES( 'Jim Floorman');
INSERT INTO Academic VALUES( 'Adam Man');
INSERT INTO Academic VALUES( 'Trace Kuwait');
INSERT INTO Academic VALUES( 'Perry Kelso');
INSERT INTO Academic VALUES( 'James Morrison');
INSERT INTO Academic VALUES( 'Katie Anderson');
INSERT INTO Academic VALUES( 'Petey Simo');
INSERT INTO Academic VALUES( 'Ally Silvia');
INSERT INTO Academic VALUES( 'Christopher Psychs');
INSERT INTO Academic VALUES( 'Penny Katiya');
INSERT INTO Academic VALUES( 'Elly Kirz');
INSERT INTO Academic VALUES( 'Teddy Watts');



INSERT INTO Degree VALUES(001, 'Bachelor of Engineering', 'Engineering and Information Sciences');
INSERT INTO Degree VALUES(002, 'Bachelor of Computer Science', 'Engineering and Information Sciences');
INSERT INTO Degree VALUES(003, 'Bachelor of Arts', 'Law, Humanities and the Arts');
INSERT INTO Degree VALUES(004, 'Bachelor of Law', 'Law, Humanities and the Arts');
INSERT INTO Degree VALUES(005, 'Bachelor of Science', 'Science, Medicine and Health');
INSERT INTO Degree VALUES(006, 'Bachelor of Nursing', 'Science, Medicine and Health');
INSERT INTO Degree VALUES(007, 'Bachelor of Education', 'Social Science');
INSERT INTO Degree VALUES(008, 'Bachelor of Psychology', 'Social Science');
INSERT INTO Degree VALUES(009, 'Bachelor of Commerce', 'Business');
INSERT INTO Degree VALUES(010, 'Bachelor of Business', 'Business');


INSERT INTO Subject VALUES('ENG101',NULL,1, 'George Zhou');
INSERT INTO Subject VALUES('ENG102',NULL,1, 'Gene');
INSERT INTO Subject VALUES('ENG103',NULL,1, 'Angela Piper');
INSERT INTO Subject VALUES('ENG104',NULL,1, 'Luke McAven');
INSERT INTO Subject VALUES('ENG201','ENG101',1, 'Ian Piper');
INSERT INTO Subject VALUES('ENG202','ENG102',1, 'Hoa Dam');
INSERT INTO Subject VALUES('ENG203','ENG103',1, 'George Zhou');
INSERT INTO Subject VALUES('ENG204','ENG104',1, 'Gene');
INSERT INTO Subject VALUES('ENG301','ENG201',1, 'Angela Piper');
INSERT INTO Subject VALUES('ENG302','ENG202',1, 'Luke McAven');
INSERT INTO Subject VALUES('ENG303','ENG203',1, 'Ian Piper');
INSERT INTO Subject VALUES('ENG304','ENG204',1, 'Hoa Dam');
INSERT INTO Subject VALUES('ENG401','ENG301',1, 'George Zhou');
INSERT INTO Subject VALUES('ENG402','ENG302',1, 'Gene');
INSERT INTO Subject VALUES('ENG403','ENG303',1, 'Angela Piper');
INSERT INTO Subject VALUES('ENG404','ENG304',1, 'Luke McAven');
INSERT INTO Subject VALUES('CSCI101',NULL,2, 'Ian Piper');
INSERT INTO Subject VALUES('CSCI102',NULL,2, 'Hoa Dam');
INSERT INTO Subject VALUES('CSCI103',NULL,2, 'George Zhou');
INSERT INTO Subject VALUES('CSCI104',NULL,2, 'Gene');
INSERT INTO Subject VALUES('CSCI201','CSCI101',2, 'Angela Piper');
INSERT INTO Subject VALUES('CSCI202','CSCI102',2, 'Luke McAven');
INSERT INTO Subject VALUES('CSCI203','CSCI103',2, 'Ian Piper');
INSERT INTO Subject VALUES('CSCI204','CSCI104',2, 'Hoa Dam');
INSERT INTO Subject VALUES('CSCI301','CSCI201',2, 'George Zhou');
INSERT INTO Subject VALUES('CSCI302','CSCI202',2, 'Gene');
INSERT INTO Subject VALUES('CSCI303','CSCI203',2, 'Angela Piper');
INSERT INTO Subject VALUES('CSCI304','CSCI204',2, 'Luke McAven');
INSERT INTO Subject VALUES('ARTS101',NULL,3, 'Susie Angle');
INSERT INTO Subject VALUES('ARTS102',NULL,3, 'Stevie Brown');
INSERT INTO Subject VALUES('ARTS103',NULL,3, 'Linda Iron');
INSERT INTO Subject VALUES('ARTS104',NULL,3, 'Clive Sharp');
INSERT INTO Subject VALUES('ART201','ARTS101',3, 'Slim Cosgow');
INSERT INTO Subject VALUES('ART202','ARTS102',3, 'Bron Clarsen');
INSERT INTO Subject VALUES('ART203','ARTS103',3, 'Susie Angle');
INSERT INTO Subject VALUES('ART204','ARTS104',3, 'Stevie Brown');
INSERT INTO Subject VALUES('ARTS301','ART201',3, 'Linda Iron');
INSERT INTO Subject VALUES('ARTS302','ART202',3, 'Clive Sharp');
INSERT INTO Subject VALUES('ARTS303','ART203',3, 'Slim Cosgow');
INSERT INTO Subject VALUES('ARTS304','ART204',3, 'Bron Clarsen');
INSERT INTO Subject VALUES('SCI101',NULL,5, 'Susie Angle');
INSERT INTO Subject VALUES('SCI102',NULL,5, 'Stevie Brown');
INSERT INTO Subject VALUES('SCI103',NULL,5, 'Linda Iron');
INSERT INTO Subject VALUES('SCI104',NULL,5, 'Clive Sharp');
INSERT INTO Subject VALUES('SCI201','SCI101',5, 'Jim Floorman');
INSERT INTO Subject VALUES('SCI202','SCI102',5, 'Katie Anderson');
INSERT INTO Subject VALUES('SCI203','SCI103',5, 'Trace Kuwait');
INSERT INTO Subject VALUES('SCI204','SCI104',5, 'Perry Kelso');
INSERT INTO Subject VALUES('SCI301','SCI201',5, 'James Morrison');
INSERT INTO Subject VALUES('SCI302','SCI202',5, 'Adam Man');
INSERT INTO Subject VALUES('SCI303','SCI203',5, 'Susie Angle');
INSERT INTO Subject VALUES('SCI304','SCI204',5, 'Stevie Brown');
INSERT INTO Subject VALUES('EDU101',NULL,7, 'Natalie Irwin');
INSERT INTO Subject VALUES('EDU102',NULL,7, 'Brian Train');
INSERT INTO Subject VALUES('EDU103',NULL,7, 'Sam McMain');
INSERT INTO Subject VALUES('EDU104',NULL,7, 'Paul Joey');
INSERT INTO Subject VALUES('EDU201','EDU101',7, 'Barb Mack');
INSERT INTO Subject VALUES('EDU202','EDU102',7, 'Lisa Kevin');
INSERT INTO Subject VALUES('EDU203','EDU103',7, 'Natalie Irwin');
INSERT INTO Subject VALUES('EDU204','EDU104',7, 'Brian Train');
INSERT INTO Subject VALUES('EDU301','EDU201',7, 'Sam McMain');
INSERT INTO Subject VALUES('EDU302','EDU202',7, 'Paul Joey');
INSERT INTO Subject VALUES('EDU303','EDU203',7, 'Barb Mack');
INSERT INTO Subject VALUES('EDU304','EDU204',7, 'Lisa Kevin');
INSERT INTO Subject VALUES('EDU401','EDU301',7, 'Natalie Irwin');
INSERT INTO Subject VALUES('EDU402','EDU302',7, 'Brian Train');
INSERT INTO Subject VALUES('EDU403','EDU303',7, 'Sam McMain');
INSERT INTO Subject VALUES('EDU404','EDU304',7, 'Paul Joey');
INSERT INTO Subject VALUES('LAW101',NULL,4, 'Susie Angle');
INSERT INTO Subject VALUES('LAW102',NULL,4, 'Stevie Brown');
INSERT INTO Subject VALUES('LAW103',NULL,4, 'Linda Iron');
INSERT INTO Subject VALUES('LAW104',NULL,4, 'Clive Sharp');
INSERT INTO Subject VALUES('LAW201','LAW101',4, 'Slim Cosgow');
INSERT INTO Subject VALUES('LAW202','LAW102',4, 'Bron Clarsen');
INSERT INTO Subject VALUES('LAW203','LAW103',4, 'Susie Angle');
INSERT INTO Subject VALUES('LAW204','LAW104',4, 'Stevie Brown');
INSERT INTO Subject VALUES('LAW301','LAW201',4, 'Linda Iron');
INSERT INTO Subject VALUES('LAW302','LAW202',4, 'Clive Sharp');
INSERT INTO Subject VALUES('LAW303','LAW203',4, 'Slim Cosgow');
INSERT INTO Subject VALUES('LAW304','LAW204',4, 'Bron Clarsen');
INSERT INTO Subject VALUES('LAW401','LAW301',4, 'Susie Angle');
INSERT INTO Subject VALUES('LAW402','LAW302',4, 'Stevie Brown');
INSERT INTO Subject VALUES('LAW403','LAW303',4, 'Linda Iron');
INSERT INTO Subject VALUES('LAW404','LAW304',4, 'Clive Sharp');
INSERT INTO Subject VALUES('LAW501','LAW401',4, 'Slim Cosgow');
INSERT INTO Subject VALUES('LAW502','LAW402',4, 'Bron Clarsen');
INSERT INTO Subject VALUES('LAW503','LAW403',4, 'Susie Angle');
INSERT INTO Subject VALUES('LAW504','LAW404',4, 'Stevie Brown');
INSERT INTO Subject VALUES('NURS101',NULL,6, 'Jim Floorman');
INSERT INTO Subject VALUES('NURS102',NULL,6, 'Katie Anderson');
INSERT INTO Subject VALUES('NURS103',NULL,6, 'Trace Kuwait');
INSERT INTO Subject VALUES('NURS104',NULL,6, 'Perry Kelso');
INSERT INTO Subject VALUES('NURS201','NURS101',6, 'James Morrison');
INSERT INTO Subject VALUES('NURS202','NURS102',6, 'Adam Man');
INSERT INTO Subject VALUES('NURS203','NURS103',6, 'Jim Floorman');
INSERT INTO Subject VALUES('NURS204','NURS104',6, 'Katie Anderson');
INSERT INTO Subject VALUES('NURS301','NURS201',6, 'Trace Kuwait');
INSERT INTO Subject VALUES('NURS302','NURS202',6, 'Perry Kelso');
INSERT INTO Subject VALUES('NURS303','NURS203',6, 'James Morrison');
INSERT INTO Subject VALUES('NURS304','NURS204',6, 'Adam Man');
INSERT INTO Subject VALUES('PSYC101',NULL,8, 'Natalie Irwin');
INSERT INTO Subject VALUES('PSYC102',NULL,8, 'Brian Train');
INSERT INTO Subject VALUES('PSYC103',NULL,8, 'Sam McMain');
INSERT INTO Subject VALUES('PSYC104',NULL,8, 'Paul Joey');
INSERT INTO Subject VALUES('PSYC201','PSYC101',8, 'Barb Mack');
INSERT INTO Subject VALUES('PSYC202','PSYC102',8, 'Lisa Kevin');
INSERT INTO Subject VALUES('PSYC203','PSYC103',8, 'Natalie Irwin');
INSERT INTO Subject VALUES('PSYC204','PSYC104',8, 'Brian Train');
INSERT INTO Subject VALUES('PSYC301','PSYC201',8, 'Sam McMain');
INSERT INTO Subject VALUES('PSYC302','PSYC202',8, 'Paul Joey');
INSERT INTO Subject VALUES('PSYC303','PSYC203',8, 'Barb Mack');
INSERT INTO Subject VALUES('PSYC304','PSYC204',8, 'Lisa Kevin');
INSERT INTO Subject VALUES('PSYC401','PSYC301',8, 'Natalie Irwin');
INSERT INTO Subject VALUES('PSYC402','PSYC302',8, 'Brian Train');
INSERT INTO Subject VALUES('PSYC403','PSYC303',8, 'Sam McMain');
INSERT INTO Subject VALUES('PSYC404','PSYC304',8, 'Paul Joey');
INSERT INTO Subject VALUES('COMM101',NULL,9, 'Petey Simo');
INSERT INTO Subject VALUES('COMM102',NULL,9, 'Penny Katiya');
INSERT INTO Subject VALUES('COMM103',NULL,9, 'Christopher Psychs');
INSERT INTO Subject VALUES('COMM104',NULL,9, 'Elly Kirz');
INSERT INTO Subject VALUES('COMM201','COMM101',9, 'Ally Silvia');
INSERT INTO Subject VALUES('COMM202','COMM102',9, 'Teddy Watts');
INSERT INTO Subject VALUES('COMM203','COMM103',9, 'Petey Simo');
INSERT INTO Subject VALUES('COMM204','COMM104',9, 'Penny Katiya');
INSERT INTO Subject VALUES('COMM301','COMM201',9, 'Christopher Psychs');
INSERT INTO Subject VALUES('COMM302','COMM202',9, 'Elly Kirz');
INSERT INTO Subject VALUES('COMM303','COMM203',9, 'Ally Silvia');
INSERT INTO Subject VALUES('COMM304','COMM204',9, 'Teddy Watts');
INSERT INTO Subject VALUES('BUSS101',NULL,10, 'Petey Simo');
INSERT INTO Subject VALUES('BUSS102',NULL,10, 'Penny Katiya');
INSERT INTO Subject VALUES('BUSS103',NULL,10, 'Christopher Psychs');
INSERT INTO Subject VALUES('BUSS104',NULL,10, 'Elly Kirz');
INSERT INTO Subject VALUES('BUSS201','BUSS101',10, 'Ally Silvia');
INSERT INTO Subject VALUES('BUSS202','BUSS102',10, 'Teddy Watts');
INSERT INTO Subject VALUES('BUSS203','BUSS103',10, 'Petey Simo');
INSERT INTO Subject VALUES('BUSS204','BUSS104',10, 'Penny Katiya');
INSERT INTO Subject VALUES('BUSS301','BUSS201',10, 'Christopher Psychs');
INSERT INTO Subject VALUES('BUSS302','BUSS202',10, 'Elly Kirz');
INSERT INTO Subject VALUES('BUSS303','BUSS203',10, 'Ally Silvia');
INSERT INTO Subject VALUES('BUSS304','BUSS204',10, 'Teddy Watts');

INSERT INTO Classblock VALUES('ENG101', 'A',2,NULL,NULL);
INSERT INTO Classblock VALUES('ENG101', 'B',2,NULL,NULL);
INSERT INTO Classblock VALUES('ENG101', 'L',1,NULL,NULL);
INSERT INTO Classblock VALUES('ENG102', 'A',2,NULL,NULL);
INSERT INTO Classblock VALUES('ENG102', 'B',2,NULL,NULL);
INSERT INTO Classblock VALUES('ENG102', 'L',1,NULL,NULL);
INSERT INTO Classblock VALUES('ENG103', 'A',2,NULL,NULL);
INSERT INTO Classblock VALUES('ENG103', 'B',2,NULL,NULL);
INSERT INTO Classblock VALUES('ENG103', 'L',1,NULL,NULL);
INSERT INTO Classblock VALUES('ENG104', 'A',2,NULL,NULL);
INSERT INTO Classblock VALUES('ENG104', 'B',2,NULL,NULL);
INSERT INTO Classblock VALUES('ENG104', 'L',1,NULL,NULL);
INSERT INTO Classblock VALUES('ENG201', 'A',2,NULL,NULL);
INSERT INTO Classblock VALUES('ENG201', 'B',2,NULL,NULL);
INSERT INTO Classblock VALUES('ENG201', 'L',1,NULL,NULL);
INSERT INTO Classblock VALUES('ENG202', 'A',2,NULL,NULL);
INSERT INTO Classblock VALUES('ENG202', 'B',2,NULL,NULL);
INSERT INTO Classblock VALUES('ENG202', 'L',1,NULL,NULL);
INSERT INTO Classblock VALUES('ENG203', 'A',2,NULL,NULL);
INSERT INTO Classblock VALUES('ENG203', 'B',2,NULL,NULL);
INSERT INTO Classblock VALUES('ENG203', 'L',1,NULL,NULL);
INSERT INTO Classblock VALUES('ENG204', 'A',2,NULL,NULL);
INSERT INTO Classblock VALUES('ENG204', 'B',2,NULL,NULL);
INSERT INTO Classblock VALUES('ENG204', 'L',1,NULL,NULL);
INSERT INTO Classblock VALUES('ENG301', 'A',2,NULL,NULL);
INSERT INTO Classblock VALUES('ENG301', 'B',2,NULL,NULL);
INSERT INTO Classblock VALUES('ENG301', 'L',1,NULL,NULL);
INSERT INTO Classblock VALUES('ENG302', 'A',2,NULL,NULL);
INSERT INTO Classblock VALUES('ENG302', 'B',2,NULL,NULL);
INSERT INTO Classblock VALUES('ENG302', 'L',1,NULL,NULL);
INSERT INTO Classblock VALUES('ENG303', 'A',2,NULL,NULL);
INSERT INTO Classblock VALUES('ENG303', 'B',2,NULL,NULL);
INSERT INTO Classblock VALUES('ENG303', 'L',1,NULL,NULL);
INSERT INTO Classblock VALUES('ENG304', 'A',2,NULL,NULL);
INSERT INTO Classblock VALUES('ENG304', 'B',2,NULL,NULL);
INSERT INTO Classblock VALUES('ENG304', 'L',1,NULL,NULL);
INSERT INTO Classblock VALUES('ENG401', 'A',2,NULL,NULL);
INSERT INTO Classblock VALUES('ENG401', 'B',2,NULL,NULL);
INSERT INTO Classblock VALUES('ENG401', 'L',1,NULL,NULL);
INSERT INTO Classblock VALUES('ENG402', 'A',2,NULL,NULL);
INSERT INTO Classblock VALUES('ENG402', 'B',2,NULL,NULL);
INSERT INTO Classblock VALUES('ENG402', 'L',1,NULL,NULL);
INSERT INTO Classblock VALUES('ENG403', 'A',2,NULL,NULL);
INSERT INTO Classblock VALUES('ENG403', 'B',2,NULL,NULL);
INSERT INTO Classblock VALUES('ENG403', 'L',1,NULL,NULL);
INSERT INTO Classblock VALUES('ENG404', 'A',2,NULL,NULL);
INSERT INTO Classblock VALUES('ENG404', 'B',2,NULL,NULL);
INSERT INTO Classblock VALUES('ENG404', 'L',1,NULL,NULL);
INSERT INTO Classblock VALUES('CSCI101', 'A',2,NULL,NULL);
INSERT INTO Classblock VALUES('CSCI101', 'B',2,NULL,NULL);
INSERT INTO Classblock VALUES('CSCI101', 'L',1,NULL,NULL);
INSERT INTO Classblock VALUES('CSCI102', 'A',2,NULL,NULL);
INSERT INTO Classblock VALUES('CSCI102', 'B',2,NULL,NULL);
INSERT INTO Classblock VALUES('CSCI102', 'L',1,NULL,NULL);
INSERT INTO Classblock VALUES('CSCI103', 'A',2,NULL,NULL);
INSERT INTO Classblock VALUES('CSCI103', 'B',2,NULL,NULL);
INSERT INTO Classblock VALUES('CSCI103', 'L',1,NULL,NULL);
INSERT INTO Classblock VALUES('CSCI104', 'A',2,NULL,NULL);
INSERT INTO Classblock VALUES('CSCI104', 'B',2,NULL,NULL);
INSERT INTO Classblock VALUES('CSCI104', 'L',1,NULL,NULL);
INSERT INTO Classblock VALUES('CSCI201', 'A',2,NULL,NULL);
INSERT INTO Classblock VALUES('CSCI201', 'B',2,NULL,NULL);
INSERT INTO Classblock VALUES('CSCI201', 'L',1,NULL,NULL);
INSERT INTO Classblock VALUES('CSCI202', 'A',2,NULL,NULL);
INSERT INTO Classblock VALUES('CSCI202', 'B',2,NULL,NULL);
INSERT INTO Classblock VALUES('CSCI202', 'L',1,NULL,NULL);
INSERT INTO Classblock VALUES('CSCI203', 'A',2,NULL,NULL);
INSERT INTO Classblock VALUES('CSCI203', 'B',2,NULL,NULL);
INSERT INTO Classblock VALUES('CSCI203', 'L',1,NULL,NULL);
INSERT INTO Classblock VALUES('CSCI204', 'A',2,NULL,NULL);
INSERT INTO Classblock VALUES('CSCI204', 'B',2,NULL,NULL);
INSERT INTO Classblock VALUES('CSCI204', 'L',1,NULL,NULL);
INSERT INTO Classblock VALUES('CSCI301', 'A',2,NULL,NULL);
INSERT INTO Classblock VALUES('CSCI301', 'B',2,NULL,NULL);
INSERT INTO Classblock VALUES('CSCI301', 'L',1,NULL,NULL);
INSERT INTO Classblock VALUES('CSCI302', 'A',2,NULL,NULL);
INSERT INTO Classblock VALUES('CSCI302', 'B',2,NULL,NULL);
INSERT INTO Classblock VALUES('CSCI302', 'L',1,NULL,NULL);
INSERT INTO Classblock VALUES('CSCI303', 'A',2,NULL,NULL);
INSERT INTO Classblock VALUES('CSCI303', 'B',2,NULL,NULL);
INSERT INTO Classblock VALUES('CSCI303', 'L',1,NULL,NULL);
INSERT INTO Classblock VALUES('CSCI304', 'A',2,NULL,NULL);
INSERT INTO Classblock VALUES('CSCI304', 'B',2,NULL,NULL);
INSERT INTO Classblock VALUES('CSCI304', 'L',1,NULL,NULL);
INSERT INTO Classblock VALUES('ARTS101', 'A',2,NULL,NULL);
INSERT INTO Classblock VALUES('ARTS101', 'B',2,NULL,NULL);
INSERT INTO Classblock VALUES('ARTS101', 'L',1,NULL,NULL);
INSERT INTO Classblock VALUES('ARTS102', 'A',2,NULL,NULL);
INSERT INTO Classblock VALUES('ARTS102', 'B',2,NULL,NULL);
INSERT INTO Classblock VALUES('ARTS102', 'L',1,NULL,NULL);
INSERT INTO Classblock VALUES('ARTS103', 'A',2,NULL,NULL);
INSERT INTO Classblock VALUES('ARTS103', 'B',2,NULL,NULL);
INSERT INTO Classblock VALUES('ARTS103', 'L',1,NULL,NULL);
INSERT INTO Classblock VALUES('ARTS104', 'A',2,NULL,NULL);
INSERT INTO Classblock VALUES('ARTS104', 'B',2,NULL,NULL);
INSERT INTO Classblock VALUES('ARTS104', 'L',1,NULL,NULL);
INSERT INTO Classblock VALUES('ART201', 'A',2,NULL,NULL);
INSERT INTO Classblock VALUES('ART201', 'B',2,NULL,NULL);
INSERT INTO Classblock VALUES('ART201', 'L',1,NULL,NULL);
INSERT INTO Classblock VALUES('ART202', 'A',2,NULL,NULL);
INSERT INTO Classblock VALUES('ART202', 'B',2,NULL,NULL);
INSERT INTO Classblock VALUES('ART202', 'L',1,NULL,NULL);
INSERT INTO Classblock VALUES('ART203', 'A',2,NULL,NULL);
INSERT INTO Classblock VALUES('ART203', 'B',2,NULL,NULL);
INSERT INTO Classblock VALUES('ART203', 'L',1,NULL,NULL);
INSERT INTO Classblock VALUES('ART204', 'A',2,NULL,NULL);
INSERT INTO Classblock VALUES('ART204', 'B',2,NULL,NULL);
INSERT INTO Classblock VALUES('ART204', 'L',1,NULL,NULL);
INSERT INTO Classblock VALUES('ARTS301', 'A',2,NULL,NULL);
INSERT INTO Classblock VALUES('ARTS301', 'B',2,NULL,NULL);
INSERT INTO Classblock VALUES('ARTS301', 'L',1,NULL,NULL);
INSERT INTO Classblock VALUES('ARTS302', 'A',2,NULL,NULL);
INSERT INTO Classblock VALUES('ARTS302', 'B',2,NULL,NULL);
INSERT INTO Classblock VALUES('ARTS302', 'L',1,NULL,NULL);
INSERT INTO Classblock VALUES('ARTS303', 'A',2,NULL,NULL);
INSERT INTO Classblock VALUES('ARTS303', 'B',2,NULL,NULL);
INSERT INTO Classblock VALUES('ARTS303', 'L',1,NULL,NULL);
INSERT INTO Classblock VALUES('ARTS304', 'A',2,NULL,NULL);
INSERT INTO Classblock VALUES('ARTS304', 'B',2,NULL,NULL);
INSERT INTO Classblock VALUES('ARTS304', 'L',1,NULL,NULL);
INSERT INTO Classblock VALUES('SCI101', 'A',2,NULL,NULL);
INSERT INTO Classblock VALUES('SCI101', 'B',2,NULL,NULL);
INSERT INTO Classblock VALUES('SCI101', 'L',1,NULL,NULL);
INSERT INTO Classblock VALUES('SCI102', 'A',2,NULL,NULL);
INSERT INTO Classblock VALUES('SCI102', 'B',2,NULL,NULL);
INSERT INTO Classblock VALUES('SCI102', 'L',1,NULL,NULL);
INSERT INTO Classblock VALUES('SCI103', 'A',2,NULL,NULL);
INSERT INTO Classblock VALUES('SCI103', 'B',2,NULL,NULL);
INSERT INTO Classblock VALUES('SCI103', 'L',1,NULL,NULL);
INSERT INTO Classblock VALUES('SCI104', 'A',2,NULL,NULL);
INSERT INTO Classblock VALUES('SCI104', 'B',2,NULL,NULL);
INSERT INTO Classblock VALUES('SCI104', 'L',1,NULL,NULL);
INSERT INTO Classblock VALUES('SCI201', 'A',2,NULL,NULL);
INSERT INTO Classblock VALUES('SCI201', 'B',2,NULL,NULL);
INSERT INTO Classblock VALUES('SCI201', 'L',1,NULL,NULL);
INSERT INTO Classblock VALUES('SCI202', 'A',2,NULL,NULL);
INSERT INTO Classblock VALUES('SCI202', 'B',2,NULL,NULL);
INSERT INTO Classblock VALUES('SCI202', 'L',1,NULL,NULL);
INSERT INTO Classblock VALUES('SCI203', 'A',2,NULL,NULL);
INSERT INTO Classblock VALUES('SCI203', 'B',2,NULL,NULL);
INSERT INTO Classblock VALUES('SCI203', 'L',1,NULL,NULL);
INSERT INTO Classblock VALUES('SCI204', 'A',2,NULL,NULL);
INSERT INTO Classblock VALUES('SCI204', 'B',2,NULL,NULL);
INSERT INTO Classblock VALUES('SCI204', 'L',1,NULL,NULL);
INSERT INTO Classblock VALUES('SCI301', 'A',2,NULL,NULL);
INSERT INTO Classblock VALUES('SCI301', 'B',2,NULL,NULL);
INSERT INTO Classblock VALUES('SCI301', 'L',1,NULL,NULL);
INSERT INTO Classblock VALUES('SCI302', 'A',2,NULL,NULL);
INSERT INTO Classblock VALUES('SCI302', 'B',2,NULL,NULL);
INSERT INTO Classblock VALUES('SCI302', 'L',1,NULL,NULL);
INSERT INTO Classblock VALUES('SCI303', 'A',2,NULL,NULL);
INSERT INTO Classblock VALUES('SCI303', 'B',2,NULL,NULL);
INSERT INTO Classblock VALUES('SCI303', 'L',1,NULL,NULL);
INSERT INTO Classblock VALUES('SCI304', 'A',2,NULL,NULL);
INSERT INTO Classblock VALUES('SCI304', 'B',2,NULL,NULL);
INSERT INTO Classblock VALUES('SCI304', 'L',1,NULL,NULL);
INSERT INTO Classblock VALUES('EDU101', 'A',2,NULL,NULL);
INSERT INTO Classblock VALUES('EDU101', 'B',2,NULL,NULL);
INSERT INTO Classblock VALUES('EDU101', 'L',1,NULL,NULL);
INSERT INTO Classblock VALUES('EDU102', 'A',2,NULL,NULL);
INSERT INTO Classblock VALUES('EDU102', 'B',2,NULL,NULL);
INSERT INTO Classblock VALUES('EDU102', 'L',1,NULL,NULL);
INSERT INTO Classblock VALUES('EDU103', 'A',2,NULL,NULL);
INSERT INTO Classblock VALUES('EDU103', 'B',2,NULL,NULL);
INSERT INTO Classblock VALUES('EDU103', 'L',1,NULL,NULL);
INSERT INTO Classblock VALUES('EDU104', 'A',2,NULL,NULL);
INSERT INTO Classblock VALUES('EDU104', 'B',2,NULL,NULL);
INSERT INTO Classblock VALUES('EDU104', 'L',1,NULL,NULL);
INSERT INTO Classblock VALUES('EDU201', 'A',2,NULL,NULL);
INSERT INTO Classblock VALUES('EDU201', 'B',2,NULL,NULL);
INSERT INTO Classblock VALUES('EDU201', 'L',1,NULL,NULL);
INSERT INTO Classblock VALUES('EDU202', 'A',2,NULL,NULL);
INSERT INTO Classblock VALUES('EDU202', 'B',2,NULL,NULL);
INSERT INTO Classblock VALUES('EDU202', 'L',1,NULL,NULL);
INSERT INTO Classblock VALUES('EDU203', 'A',2,NULL,NULL);
INSERT INTO Classblock VALUES('EDU203', 'B',2,NULL,NULL);
INSERT INTO Classblock VALUES('EDU203', 'L',1,NULL,NULL);
INSERT INTO Classblock VALUES('EDU204', 'A',2,NULL,NULL);
INSERT INTO Classblock VALUES('EDU204', 'B',2,NULL,NULL);
INSERT INTO Classblock VALUES('EDU204', 'L',1,NULL,NULL);
INSERT INTO Classblock VALUES('EDU301', 'A',2,NULL,NULL);
INSERT INTO Classblock VALUES('EDU301', 'B',2,NULL,NULL);
INSERT INTO Classblock VALUES('EDU301', 'L',1,NULL,NULL);
INSERT INTO Classblock VALUES('EDU302', 'A',2,NULL,NULL);
INSERT INTO Classblock VALUES('EDU302', 'B',2,NULL,NULL);
INSERT INTO Classblock VALUES('EDU302', 'L',1,NULL,NULL);
INSERT INTO Classblock VALUES('EDU303', 'A',2,NULL,NULL);
INSERT INTO Classblock VALUES('EDU303', 'B',2,NULL,NULL);
INSERT INTO Classblock VALUES('EDU303', 'L',1,NULL,NULL);
INSERT INTO Classblock VALUES('EDU304', 'A',2,NULL,NULL);
INSERT INTO Classblock VALUES('EDU304', 'B',2,NULL,NULL);
INSERT INTO Classblock VALUES('EDU304', 'L',1,NULL,NULL);
INSERT INTO Classblock VALUES('EDU401', 'A',2,NULL,NULL);
INSERT INTO Classblock VALUES('EDU401', 'B',2,NULL,NULL);
INSERT INTO Classblock VALUES('EDU401', 'L',1,NULL,NULL);
INSERT INTO Classblock VALUES('EDU402', 'A',2,NULL,NULL);
INSERT INTO Classblock VALUES('EDU402', 'B',2,NULL,NULL);
INSERT INTO Classblock VALUES('EDU402', 'L',1,NULL,NULL);
INSERT INTO Classblock VALUES('EDU403', 'A',2,NULL,NULL);
INSERT INTO Classblock VALUES('EDU403', 'B',2,NULL,NULL);
INSERT INTO Classblock VALUES('EDU403', 'L',1,NULL,NULL);
INSERT INTO Classblock VALUES('EDU404', 'A',2,NULL,NULL);
INSERT INTO Classblock VALUES('EDU404', 'B',2,NULL,NULL);
INSERT INTO Classblock VALUES('EDU404', 'L',1,NULL,NULL);
INSERT INTO Classblock VALUES('LAW101', 'A',2,NULL,NULL);
INSERT INTO Classblock VALUES('LAW101', 'B',2,NULL,NULL);
INSERT INTO Classblock VALUES('LAW101', 'L',1,NULL,NULL);
INSERT INTO Classblock VALUES('LAW102', 'A',2,NULL,NULL);
INSERT INTO Classblock VALUES('LAW102', 'B',2,NULL,NULL);
INSERT INTO Classblock VALUES('LAW102', 'L',1,NULL,NULL);
INSERT INTO Classblock VALUES('LAW103', 'A',2,NULL,NULL);
INSERT INTO Classblock VALUES('LAW103', 'B',2,NULL,NULL);
INSERT INTO Classblock VALUES('LAW103', 'L',1,NULL,NULL);
INSERT INTO Classblock VALUES('LAW104', 'A',2,NULL,NULL);
INSERT INTO Classblock VALUES('LAW104', 'B',2,NULL,NULL);
INSERT INTO Classblock VALUES('LAW104', 'L',1,NULL,NULL);
INSERT INTO Classblock VALUES('LAW201', 'A',2,NULL,NULL);
INSERT INTO Classblock VALUES('LAW201', 'B',2,NULL,NULL);
INSERT INTO Classblock VALUES('LAW201', 'L',1,NULL,NULL);
INSERT INTO Classblock VALUES('LAW202', 'A',2,NULL,NULL);
INSERT INTO Classblock VALUES('LAW202', 'B',2,NULL,NULL);
INSERT INTO Classblock VALUES('LAW202', 'L',1,NULL,NULL);
INSERT INTO Classblock VALUES('LAW203', 'A',2,NULL,NULL);
INSERT INTO Classblock VALUES('LAW203', 'B',2,NULL,NULL);
INSERT INTO Classblock VALUES('LAW203', 'L',1,NULL,NULL);
INSERT INTO Classblock VALUES('LAW204', 'A',2,NULL,NULL);
INSERT INTO Classblock VALUES('LAW204', 'B',2,NULL,NULL);
INSERT INTO Classblock VALUES('LAW204', 'L',1,NULL,NULL);
INSERT INTO Classblock VALUES('LAW301', 'A',2,NULL,NULL);
INSERT INTO Classblock VALUES('LAW301', 'B',2,NULL,NULL);
INSERT INTO Classblock VALUES('LAW301', 'L',1,NULL,NULL);
INSERT INTO Classblock VALUES('LAW302', 'A',2,NULL,NULL);
INSERT INTO Classblock VALUES('LAW302', 'B',2,NULL,NULL);
INSERT INTO Classblock VALUES('LAW302', 'L',1,NULL,NULL);
INSERT INTO Classblock VALUES('LAW303', 'A',2,NULL,NULL);
INSERT INTO Classblock VALUES('LAW303', 'B',2,NULL,NULL);
INSERT INTO Classblock VALUES('LAW303', 'L',1,NULL,NULL);
INSERT INTO Classblock VALUES('LAW304', 'A',2,NULL,NULL);
INSERT INTO Classblock VALUES('LAW304', 'B',2,NULL,NULL);
INSERT INTO Classblock VALUES('LAW304', 'L',1,NULL,NULL);
INSERT INTO Classblock VALUES('LAW401', 'A',2,NULL,NULL);
INSERT INTO Classblock VALUES('LAW401', 'B',2,NULL,NULL);
INSERT INTO Classblock VALUES('LAW401', 'L',1,NULL,NULL);
INSERT INTO Classblock VALUES('LAW402', 'A',2,NULL,NULL);
INSERT INTO Classblock VALUES('LAW402', 'B',2,NULL,NULL);
INSERT INTO Classblock VALUES('LAW402', 'L',1,NULL,NULL);
INSERT INTO Classblock VALUES('LAW403', 'A',2,NULL,NULL);
INSERT INTO Classblock VALUES('LAW403', 'B',2,NULL,NULL);
INSERT INTO Classblock VALUES('LAW403', 'L',1,NULL,NULL);
INSERT INTO Classblock VALUES('LAW404', 'A',2,NULL,NULL);
INSERT INTO Classblock VALUES('LAW404', 'B',2,NULL,NULL);
INSERT INTO Classblock VALUES('LAW404', 'L',1,NULL,NULL);
INSERT INTO Classblock VALUES('LAW501', 'A',2,NULL,NULL);
INSERT INTO Classblock VALUES('LAW501', 'B',2,NULL,NULL);
INSERT INTO Classblock VALUES('LAW501', 'L',1,NULL,NULL);
INSERT INTO Classblock VALUES('LAW502', 'A',2,NULL,NULL);
INSERT INTO Classblock VALUES('LAW502', 'B',2,NULL,NULL);
INSERT INTO Classblock VALUES('LAW502', 'L',1,NULL,NULL);
INSERT INTO Classblock VALUES('LAW503', 'A',2,NULL,NULL);
INSERT INTO Classblock VALUES('LAW503', 'B',2,NULL,NULL);
INSERT INTO Classblock VALUES('LAW503', 'L',1,NULL,NULL);
INSERT INTO Classblock VALUES('LAW504', 'A',2,NULL,NULL);
INSERT INTO Classblock VALUES('LAW504', 'B',2,NULL,NULL);
INSERT INTO Classblock VALUES('LAW504', 'L',1,NULL,NULL);
INSERT INTO Classblock VALUES('NURS101', 'A',2,NULL,NULL);
INSERT INTO Classblock VALUES('NURS101', 'B',2,NULL,NULL);
INSERT INTO Classblock VALUES('NURS101', 'L',1,NULL,NULL);
INSERT INTO Classblock VALUES('NURS102', 'A',2,NULL,NULL);
INSERT INTO Classblock VALUES('NURS102', 'B',2,NULL,NULL);
INSERT INTO Classblock VALUES('NURS102', 'L',1,NULL,NULL);
INSERT INTO Classblock VALUES('NURS103', 'A',2,NULL,NULL);
INSERT INTO Classblock VALUES('NURS103', 'B',2,NULL,NULL);
INSERT INTO Classblock VALUES('NURS103', 'L',1,NULL,NULL);
INSERT INTO Classblock VALUES('NURS104', 'A',2,NULL,NULL);
INSERT INTO Classblock VALUES('NURS104', 'B',2,NULL,NULL);
INSERT INTO Classblock VALUES('NURS104', 'L',1,NULL,NULL);
INSERT INTO Classblock VALUES('NURS201', 'A',2,NULL,NULL);
INSERT INTO Classblock VALUES('NURS201', 'B',2,NULL,NULL);
INSERT INTO Classblock VALUES('NURS201', 'L',1,NULL,NULL);
INSERT INTO Classblock VALUES('NURS202', 'A',2,NULL,NULL);
INSERT INTO Classblock VALUES('NURS202', 'B',2,NULL,NULL);
INSERT INTO Classblock VALUES('NURS202', 'L',1,NULL,NULL);
INSERT INTO Classblock VALUES('NURS203', 'A',2,NULL,NULL);
INSERT INTO Classblock VALUES('NURS203', 'B',2,NULL,NULL);
INSERT INTO Classblock VALUES('NURS203', 'L',1,NULL,NULL);
INSERT INTO Classblock VALUES('NURS204', 'A',2,NULL,NULL);
INSERT INTO Classblock VALUES('NURS204', 'B',2,NULL,NULL);
INSERT INTO Classblock VALUES('NURS204', 'L',1,NULL,NULL);
INSERT INTO Classblock VALUES('NURS301', 'A',2,NULL,NULL);
INSERT INTO Classblock VALUES('NURS301', 'B',2,NULL,NULL);
INSERT INTO Classblock VALUES('NURS301', 'L',1,NULL,NULL);
INSERT INTO Classblock VALUES('NURS302', 'A',2,NULL,NULL);
INSERT INTO Classblock VALUES('NURS302', 'B',2,NULL,NULL);
INSERT INTO Classblock VALUES('NURS302', 'L',1,NULL,NULL);
INSERT INTO Classblock VALUES('NURS303', 'A',2,NULL,NULL);
INSERT INTO Classblock VALUES('NURS303', 'B',2,NULL,NULL);
INSERT INTO Classblock VALUES('NURS303', 'L',1,NULL,NULL);
INSERT INTO Classblock VALUES('NURS304', 'A',2,NULL,NULL);
INSERT INTO Classblock VALUES('NURS304', 'B',2,NULL,NULL);
INSERT INTO Classblock VALUES('NURS304', 'L',1,NULL,NULL);
INSERT INTO Classblock VALUES('PSYC101', 'A',2,NULL,NULL);
INSERT INTO Classblock VALUES('PSYC101', 'B',2,NULL,NULL);
INSERT INTO Classblock VALUES('PSYC101', 'L',1,NULL,NULL);
INSERT INTO Classblock VALUES('PSYC102', 'A',2,NULL,NULL);
INSERT INTO Classblock VALUES('PSYC102', 'B',2,NULL,NULL);
INSERT INTO Classblock VALUES('PSYC102', 'L',1,NULL,NULL);
INSERT INTO Classblock VALUES('PSYC103', 'A',2,NULL,NULL);
INSERT INTO Classblock VALUES('PSYC103', 'B',2,NULL,NULL);
INSERT INTO Classblock VALUES('PSYC103', 'L',1,NULL,NULL);
INSERT INTO Classblock VALUES('PSYC104', 'A',2,NULL,NULL);
INSERT INTO Classblock VALUES('PSYC104', 'B',2,NULL,NULL);
INSERT INTO Classblock VALUES('PSYC104', 'L',1,NULL,NULL);
INSERT INTO Classblock VALUES('PSYC201', 'A',2,NULL,NULL);
INSERT INTO Classblock VALUES('PSYC201', 'B',2,NULL,NULL);
INSERT INTO Classblock VALUES('PSYC201', 'L',1,NULL,NULL);
INSERT INTO Classblock VALUES('PSYC202', 'A',2,NULL,NULL);
INSERT INTO Classblock VALUES('PSYC202', 'B',2,NULL,NULL);
INSERT INTO Classblock VALUES('PSYC202', 'L',1,NULL,NULL);
INSERT INTO Classblock VALUES('PSYC203', 'A',2,NULL,NULL);
INSERT INTO Classblock VALUES('PSYC203', 'B',2,NULL,NULL);
INSERT INTO Classblock VALUES('PSYC203', 'L',1,NULL,NULL);
INSERT INTO Classblock VALUES('PSYC204', 'A',2,NULL,NULL);
INSERT INTO Classblock VALUES('PSYC204', 'B',2,NULL,NULL);
INSERT INTO Classblock VALUES('PSYC204', 'L',1,NULL,NULL);
INSERT INTO Classblock VALUES('PSYC301', 'A',2,NULL,NULL);
INSERT INTO Classblock VALUES('PSYC301', 'B',2,NULL,NULL);
INSERT INTO Classblock VALUES('PSYC301', 'L',1,NULL,NULL);
INSERT INTO Classblock VALUES('PSYC302', 'A',2,NULL,NULL);
INSERT INTO Classblock VALUES('PSYC302', 'B',2,NULL,NULL);
INSERT INTO Classblock VALUES('PSYC302', 'L',1,NULL,NULL);
INSERT INTO Classblock VALUES('PSYC303', 'A',2,NULL,NULL);
INSERT INTO Classblock VALUES('PSYC303', 'B',2,NULL,NULL);
INSERT INTO Classblock VALUES('PSYC303', 'L',1,NULL,NULL);
INSERT INTO Classblock VALUES('PSYC304', 'A',2,NULL,NULL);
INSERT INTO Classblock VALUES('PSYC304', 'B',2,NULL,NULL);
INSERT INTO Classblock VALUES('PSYC304', 'L',1,NULL,NULL);
INSERT INTO Classblock VALUES('PSYC401', 'A',2,NULL,NULL);
INSERT INTO Classblock VALUES('PSYC401', 'B',2,NULL,NULL);
INSERT INTO Classblock VALUES('PSYC401', 'L',1,NULL,NULL);
INSERT INTO Classblock VALUES('PSYC402', 'A',2,NULL,NULL);
INSERT INTO Classblock VALUES('PSYC402', 'B',2,NULL,NULL);
INSERT INTO Classblock VALUES('PSYC402', 'L',1,NULL,NULL);
INSERT INTO Classblock VALUES('PSYC403', 'A',2,NULL,NULL);
INSERT INTO Classblock VALUES('PSYC403', 'B',2,NULL,NULL);
INSERT INTO Classblock VALUES('PSYC403', 'L',1,NULL,NULL);
INSERT INTO Classblock VALUES('PSYC404', 'A',2,NULL,NULL);
INSERT INTO Classblock VALUES('PSYC404', 'B',2,NULL,NULL);
INSERT INTO Classblock VALUES('PSYC404', 'L',1,NULL,NULL);
INSERT INTO Classblock VALUES('COMM101', 'A',2,NULL,NULL);
INSERT INTO Classblock VALUES('COMM101', 'B',2,NULL,NULL);
INSERT INTO Classblock VALUES('COMM101', 'L',1,NULL,NULL);
INSERT INTO Classblock VALUES('COMM102', 'A',2,NULL,NULL);
INSERT INTO Classblock VALUES('COMM102', 'B',2,NULL,NULL);
INSERT INTO Classblock VALUES('COMM102', 'L',1,NULL,NULL);
INSERT INTO Classblock VALUES('COMM103', 'A',2,NULL,NULL);
INSERT INTO Classblock VALUES('COMM103', 'B',2,NULL,NULL);
INSERT INTO Classblock VALUES('COMM103', 'L',1,NULL,NULL);
INSERT INTO Classblock VALUES('COMM104', 'A',2,NULL,NULL);
INSERT INTO Classblock VALUES('COMM104', 'B',2,NULL,NULL);
INSERT INTO Classblock VALUES('COMM104', 'L',1,NULL,NULL);
INSERT INTO Classblock VALUES('COMM201', 'A',2,NULL,NULL);
INSERT INTO Classblock VALUES('COMM201', 'B',2,NULL,NULL);
INSERT INTO Classblock VALUES('COMM201', 'L',1,NULL,NULL);
INSERT INTO Classblock VALUES('COMM202', 'A',2,NULL,NULL);
INSERT INTO Classblock VALUES('COMM202', 'B',2,NULL,NULL);
INSERT INTO Classblock VALUES('COMM202', 'L',1,NULL,NULL);
INSERT INTO Classblock VALUES('COMM203', 'A',2,NULL,NULL);
INSERT INTO Classblock VALUES('COMM203', 'B',2,NULL,NULL);
INSERT INTO Classblock VALUES('COMM203', 'L',1,NULL,NULL);
INSERT INTO Classblock VALUES('COMM204', 'A',2,NULL,NULL);
INSERT INTO Classblock VALUES('COMM204', 'B',2,NULL,NULL);
INSERT INTO Classblock VALUES('COMM204', 'L',1,NULL,NULL);
INSERT INTO Classblock VALUES('COMM301', 'A',2,NULL,NULL);
INSERT INTO Classblock VALUES('COMM301', 'B',2,NULL,NULL);
INSERT INTO Classblock VALUES('COMM301', 'L',1,NULL,NULL);
INSERT INTO Classblock VALUES('COMM302', 'A',2,NULL,NULL);
INSERT INTO Classblock VALUES('COMM302', 'B',2,NULL,NULL);
INSERT INTO Classblock VALUES('COMM302', 'L',1,NULL,NULL);
INSERT INTO Classblock VALUES('COMM303', 'A',2,NULL,NULL);
INSERT INTO Classblock VALUES('COMM303', 'B',2,NULL,NULL);
INSERT INTO Classblock VALUES('COMM303', 'L',1,NULL,NULL);
INSERT INTO Classblock VALUES('COMM304', 'A',2,NULL,NULL);
INSERT INTO Classblock VALUES('COMM304', 'B',2,NULL,NULL);
INSERT INTO Classblock VALUES('COMM304', 'L',1,NULL,NULL);
INSERT INTO Classblock VALUES('BUSS101', 'A',2,NULL,NULL);
INSERT INTO Classblock VALUES('BUSS101', 'B',2,NULL,NULL);
INSERT INTO Classblock VALUES('BUSS101', 'L',1,NULL,NULL);
INSERT INTO Classblock VALUES('BUSS102', 'A',2,NULL,NULL);
INSERT INTO Classblock VALUES('BUSS102', 'B',2,NULL,NULL);
INSERT INTO Classblock VALUES('BUSS102', 'L',1,NULL,NULL);
INSERT INTO Classblock VALUES('BUSS103', 'A',2,NULL,NULL);
INSERT INTO Classblock VALUES('BUSS103', 'B',2,NULL,NULL);
INSERT INTO Classblock VALUES('BUSS103', 'L',1,NULL,NULL);
INSERT INTO Classblock VALUES('BUSS104', 'A',2,NULL,NULL);
INSERT INTO Classblock VALUES('BUSS104', 'B',2,NULL,NULL);
INSERT INTO Classblock VALUES('BUSS104', 'L',1,NULL,NULL);
INSERT INTO Classblock VALUES('BUSS201', 'A',2,NULL,NULL);
INSERT INTO Classblock VALUES('BUSS201', 'B',2,NULL,NULL);
INSERT INTO Classblock VALUES('BUSS201', 'L',1,NULL,NULL);
INSERT INTO Classblock VALUES('BUSS202', 'A',2,NULL,NULL);
INSERT INTO Classblock VALUES('BUSS202', 'B',2,NULL,NULL);
INSERT INTO Classblock VALUES('BUSS202', 'L',1,NULL,NULL);
INSERT INTO Classblock VALUES('BUSS203', 'A',2,NULL,NULL);
INSERT INTO Classblock VALUES('BUSS203', 'B',2,NULL,NULL);
INSERT INTO Classblock VALUES('BUSS203', 'L',1,NULL,NULL);
INSERT INTO Classblock VALUES('BUSS204', 'A',2,NULL,NULL);
INSERT INTO Classblock VALUES('BUSS204', 'B',2,NULL,NULL);
INSERT INTO Classblock VALUES('BUSS204', 'L',1,NULL,NULL);
INSERT INTO Classblock VALUES('BUSS301', 'A',2,NULL,NULL);
INSERT INTO Classblock VALUES('BUSS301', 'B',2,NULL,NULL);
INSERT INTO Classblock VALUES('BUSS301', 'L',1,NULL,NULL);
INSERT INTO Classblock VALUES('BUSS302', 'A',2,NULL,NULL);
INSERT INTO Classblock VALUES('BUSS302', 'B',2,NULL,NULL);
INSERT INTO Classblock VALUES('BUSS302', 'L',1,NULL,NULL);
INSERT INTO Classblock VALUES('BUSS303', 'A',2,NULL,NULL);
INSERT INTO Classblock VALUES('BUSS303', 'B',2,NULL,NULL);
INSERT INTO Classblock VALUES('BUSS303', 'L',1,NULL,NULL);
INSERT INTO Classblock VALUES('BUSS304', 'A',2,NULL,NULL);
INSERT INTO Classblock VALUES('BUSS304', 'B',2,NULL,NULL);
INSERT INTO Classblock VALUES('BUSS304', 'L',1,NULL,NULL);

INSERT INTO Assessment VALUES('ENG101',1,5);
INSERT INTO Assessment VALUES('ENG101',2,10);
INSERT INTO Assessment VALUES('ENG101',3,15);
INSERT INTO Assessment VALUES('ENG101',4,20);
INSERT INTO Assessment VALUES('ENG102',1,5);
INSERT INTO Assessment VALUES('ENG102',2,10);
INSERT INTO Assessment VALUES('ENG102',3,15);
INSERT INTO Assessment VALUES('ENG102',4,20);
INSERT INTO Assessment VALUES('ENG103',1,5);
INSERT INTO Assessment VALUES('ENG103',2,10);
INSERT INTO Assessment VALUES('ENG103',3,15);
INSERT INTO Assessment VALUES('ENG103',4,20);
INSERT INTO Assessment VALUES('ENG104',1,5);
INSERT INTO Assessment VALUES('ENG104',2,10);
INSERT INTO Assessment VALUES('ENG104',3,15);
INSERT INTO Assessment VALUES('ENG104',4,20);
INSERT INTO Assessment VALUES('ENG201',1,5);
INSERT INTO Assessment VALUES('ENG201',2,10);
INSERT INTO Assessment VALUES('ENG201',3,15);
INSERT INTO Assessment VALUES('ENG201',4,20);
INSERT INTO Assessment VALUES('ENG202',1,5);
INSERT INTO Assessment VALUES('ENG202',2,10);
INSERT INTO Assessment VALUES('ENG202',3,15);
INSERT INTO Assessment VALUES('ENG202',4,20);
INSERT INTO Assessment VALUES('ENG203',1,5);
INSERT INTO Assessment VALUES('ENG203',2,10);
INSERT INTO Assessment VALUES('ENG203',3,15);
INSERT INTO Assessment VALUES('ENG203',4,20);
INSERT INTO Assessment VALUES('ENG204',1,5);
INSERT INTO Assessment VALUES('ENG204',2,10);
INSERT INTO Assessment VALUES('ENG204',3,15);
INSERT INTO Assessment VALUES('ENG204',4,20);
INSERT INTO Assessment VALUES('ENG301',1,5);
INSERT INTO Assessment VALUES('ENG301',2,10);
INSERT INTO Assessment VALUES('ENG301',3,15);
INSERT INTO Assessment VALUES('ENG301',4,20);
INSERT INTO Assessment VALUES('ENG302',1,5);
INSERT INTO Assessment VALUES('ENG302',2,10);
INSERT INTO Assessment VALUES('ENG302',3,15);
INSERT INTO Assessment VALUES('ENG302',4,20);
INSERT INTO Assessment VALUES('ENG303',1,5);
INSERT INTO Assessment VALUES('ENG303',2,10);
INSERT INTO Assessment VALUES('ENG303',3,15);
INSERT INTO Assessment VALUES('ENG303',4,20);
INSERT INTO Assessment VALUES('ENG304',1,5);
INSERT INTO Assessment VALUES('ENG304',2,10);
INSERT INTO Assessment VALUES('ENG304',3,15);
INSERT INTO Assessment VALUES('ENG304',4,20);
INSERT INTO Assessment VALUES('ENG401',1,5);
INSERT INTO Assessment VALUES('ENG401',2,10);
INSERT INTO Assessment VALUES('ENG401',3,15);
INSERT INTO Assessment VALUES('ENG401',4,20);
INSERT INTO Assessment VALUES('ENG402',1,5);
INSERT INTO Assessment VALUES('ENG402',2,10);
INSERT INTO Assessment VALUES('ENG402',3,15);
INSERT INTO Assessment VALUES('ENG402',4,20);
INSERT INTO Assessment VALUES('ENG403',1,5);
INSERT INTO Assessment VALUES('ENG403',2,10);
INSERT INTO Assessment VALUES('ENG403',3,15);
INSERT INTO Assessment VALUES('ENG403',4,20);
INSERT INTO Assessment VALUES('ENG404',1,5);
INSERT INTO Assessment VALUES('ENG404',2,10);
INSERT INTO Assessment VALUES('ENG404',3,15);
INSERT INTO Assessment VALUES('ENG404',4,20);
INSERT INTO Assessment VALUES('CSCI101',1,5);
INSERT INTO Assessment VALUES('CSCI101',2,10);
INSERT INTO Assessment VALUES('CSCI101',3,15);
INSERT INTO Assessment VALUES('CSCI101',4,20);
INSERT INTO Assessment VALUES('CSCI102',1,5);
INSERT INTO Assessment VALUES('CSCI102',2,10);
INSERT INTO Assessment VALUES('CSCI102',3,15);
INSERT INTO Assessment VALUES('CSCI102',4,20);
INSERT INTO Assessment VALUES('CSCI103',1,5);
INSERT INTO Assessment VALUES('CSCI103',2,10);
INSERT INTO Assessment VALUES('CSCI103',3,15);
INSERT INTO Assessment VALUES('CSCI103',4,20);
INSERT INTO Assessment VALUES('CSCI104',1,5);
INSERT INTO Assessment VALUES('CSCI104',2,10);
INSERT INTO Assessment VALUES('CSCI104',3,15);
INSERT INTO Assessment VALUES('CSCI104',4,20);
INSERT INTO Assessment VALUES('CSCI201',1,5);
INSERT INTO Assessment VALUES('CSCI201',2,10);
INSERT INTO Assessment VALUES('CSCI201',3,15);
INSERT INTO Assessment VALUES('CSCI201',4,20);
INSERT INTO Assessment VALUES('CSCI202',1,5);
INSERT INTO Assessment VALUES('CSCI202',2,10);
INSERT INTO Assessment VALUES('CSCI202',3,15);
INSERT INTO Assessment VALUES('CSCI202',4,20);
INSERT INTO Assessment VALUES('CSCI203',1,5);
INSERT INTO Assessment VALUES('CSCI203',2,10);
INSERT INTO Assessment VALUES('CSCI203',3,15);
INSERT INTO Assessment VALUES('CSCI203',4,20);
INSERT INTO Assessment VALUES('CSCI204',1,5);
INSERT INTO Assessment VALUES('CSCI204',2,10);
INSERT INTO Assessment VALUES('CSCI204',3,15);
INSERT INTO Assessment VALUES('CSCI204',4,20);
INSERT INTO Assessment VALUES('CSCI301',1,5);
INSERT INTO Assessment VALUES('CSCI301',2,10);
INSERT INTO Assessment VALUES('CSCI301',3,15);
INSERT INTO Assessment VALUES('CSCI301',4,20);
INSERT INTO Assessment VALUES('CSCI302',1,5);
INSERT INTO Assessment VALUES('CSCI302',2,10);
INSERT INTO Assessment VALUES('CSCI302',3,15);
INSERT INTO Assessment VALUES('CSCI302',4,20);
INSERT INTO Assessment VALUES('CSCI303',1,5);
INSERT INTO Assessment VALUES('CSCI303',2,10);
INSERT INTO Assessment VALUES('CSCI303',3,15);
INSERT INTO Assessment VALUES('CSCI303',4,20);
INSERT INTO Assessment VALUES('CSCI304',1,5);
INSERT INTO Assessment VALUES('CSCI304',2,10);
INSERT INTO Assessment VALUES('CSCI304',3,15);
INSERT INTO Assessment VALUES('CSCI304',4,20);
INSERT INTO Assessment VALUES('ARTS101',1,5);
INSERT INTO Assessment VALUES('ARTS101',2,10);
INSERT INTO Assessment VALUES('ARTS101',3,15);
INSERT INTO Assessment VALUES('ARTS101',4,20);
INSERT INTO Assessment VALUES('ARTS102',1,5);
INSERT INTO Assessment VALUES('ARTS102',2,10);
INSERT INTO Assessment VALUES('ARTS102',3,15);
INSERT INTO Assessment VALUES('ARTS102',4,20);
INSERT INTO Assessment VALUES('ARTS103',1,5);
INSERT INTO Assessment VALUES('ARTS103',2,10);
INSERT INTO Assessment VALUES('ARTS103',3,15);
INSERT INTO Assessment VALUES('ARTS103',4,20);
INSERT INTO Assessment VALUES('ARTS104',1,5);
INSERT INTO Assessment VALUES('ARTS104',2,10);
INSERT INTO Assessment VALUES('ARTS104',3,15);
INSERT INTO Assessment VALUES('ARTS104',4,20);
INSERT INTO Assessment VALUES('ART201',1,5);
INSERT INTO Assessment VALUES('ART201',2,10);
INSERT INTO Assessment VALUES('ART201',3,15);
INSERT INTO Assessment VALUES('ART201',4,20);
INSERT INTO Assessment VALUES('ART202',1,5);
INSERT INTO Assessment VALUES('ART202',2,10);
INSERT INTO Assessment VALUES('ART202',3,15);
INSERT INTO Assessment VALUES('ART202',4,20);
INSERT INTO Assessment VALUES('ART203',1,5);
INSERT INTO Assessment VALUES('ART203',2,10);
INSERT INTO Assessment VALUES('ART203',3,15);
INSERT INTO Assessment VALUES('ART203',4,20);
INSERT INTO Assessment VALUES('ART204',1,5);
INSERT INTO Assessment VALUES('ART204',2,10);
INSERT INTO Assessment VALUES('ART204',3,15);
INSERT INTO Assessment VALUES('ART204',4,20);
INSERT INTO Assessment VALUES('ARTS301',1,5);
INSERT INTO Assessment VALUES('ARTS301',2,10);
INSERT INTO Assessment VALUES('ARTS301',3,15);
INSERT INTO Assessment VALUES('ARTS301',4,20);
INSERT INTO Assessment VALUES('ARTS302',1,5);
INSERT INTO Assessment VALUES('ARTS302',2,10);
INSERT INTO Assessment VALUES('ARTS302',3,15);
INSERT INTO Assessment VALUES('ARTS302',4,20);
INSERT INTO Assessment VALUES('ARTS303',1,5);
INSERT INTO Assessment VALUES('ARTS303',2,10);
INSERT INTO Assessment VALUES('ARTS303',3,15);
INSERT INTO Assessment VALUES('ARTS303',4,20);
INSERT INTO Assessment VALUES('ARTS304',1,5);
INSERT INTO Assessment VALUES('ARTS304',2,10);
INSERT INTO Assessment VALUES('ARTS304',3,15);
INSERT INTO Assessment VALUES('ARTS304',4,20);
INSERT INTO Assessment VALUES('SCI101',1,5);
INSERT INTO Assessment VALUES('SCI101',2,10);
INSERT INTO Assessment VALUES('SCI101',3,15);
INSERT INTO Assessment VALUES('SCI101',4,20);
INSERT INTO Assessment VALUES('SCI102',1,5);
INSERT INTO Assessment VALUES('SCI102',2,10);
INSERT INTO Assessment VALUES('SCI102',3,15);
INSERT INTO Assessment VALUES('SCI102',4,20);
INSERT INTO Assessment VALUES('SCI103',1,5);
INSERT INTO Assessment VALUES('SCI103',2,10);
INSERT INTO Assessment VALUES('SCI103',3,15);
INSERT INTO Assessment VALUES('SCI103',4,20);
INSERT INTO Assessment VALUES('SCI104',1,5);
INSERT INTO Assessment VALUES('SCI104',2,10);
INSERT INTO Assessment VALUES('SCI104',3,15);
INSERT INTO Assessment VALUES('SCI104',4,20);
INSERT INTO Assessment VALUES('SCI201',1,5);
INSERT INTO Assessment VALUES('SCI201',2,10);
INSERT INTO Assessment VALUES('SCI201',3,15);
INSERT INTO Assessment VALUES('SCI201',4,20);
INSERT INTO Assessment VALUES('SCI202',1,5);
INSERT INTO Assessment VALUES('SCI202',2,10);
INSERT INTO Assessment VALUES('SCI202',3,15);
INSERT INTO Assessment VALUES('SCI202',4,20);
INSERT INTO Assessment VALUES('SCI203',1,5);
INSERT INTO Assessment VALUES('SCI203',2,10);
INSERT INTO Assessment VALUES('SCI203',3,15);
INSERT INTO Assessment VALUES('SCI203',4,20);
INSERT INTO Assessment VALUES('SCI204',1,5);
INSERT INTO Assessment VALUES('SCI204',2,10);
INSERT INTO Assessment VALUES('SCI204',3,15);
INSERT INTO Assessment VALUES('SCI204',4,20);
INSERT INTO Assessment VALUES('SCI301',1,5);
INSERT INTO Assessment VALUES('SCI301',2,10);
INSERT INTO Assessment VALUES('SCI301',3,15);
INSERT INTO Assessment VALUES('SCI301',4,20);
INSERT INTO Assessment VALUES('SCI302',1,5);
INSERT INTO Assessment VALUES('SCI302',2,10);
INSERT INTO Assessment VALUES('SCI302',3,15);
INSERT INTO Assessment VALUES('SCI302',4,20);
INSERT INTO Assessment VALUES('SCI303',1,5);
INSERT INTO Assessment VALUES('SCI303',2,10);
INSERT INTO Assessment VALUES('SCI303',3,15);
INSERT INTO Assessment VALUES('SCI303',4,20);
INSERT INTO Assessment VALUES('SCI304',1,5);
INSERT INTO Assessment VALUES('SCI304',2,10);
INSERT INTO Assessment VALUES('SCI304',3,15);
INSERT INTO Assessment VALUES('SCI304',4,20);
INSERT INTO Assessment VALUES('EDU101',1,5);
INSERT INTO Assessment VALUES('EDU101',2,10);
INSERT INTO Assessment VALUES('EDU101',3,15);
INSERT INTO Assessment VALUES('EDU101',4,20);
INSERT INTO Assessment VALUES('EDU102',1,5);
INSERT INTO Assessment VALUES('EDU102',2,10);
INSERT INTO Assessment VALUES('EDU102',3,15);
INSERT INTO Assessment VALUES('EDU102',4,20);
INSERT INTO Assessment VALUES('EDU103',1,5);
INSERT INTO Assessment VALUES('EDU103',2,10);
INSERT INTO Assessment VALUES('EDU103',3,15);
INSERT INTO Assessment VALUES('EDU103',4,20);
INSERT INTO Assessment VALUES('EDU104',1,5);
INSERT INTO Assessment VALUES('EDU104',2,10);
INSERT INTO Assessment VALUES('EDU104',3,15);
INSERT INTO Assessment VALUES('EDU104',4,20);
INSERT INTO Assessment VALUES('EDU201',1,5);
INSERT INTO Assessment VALUES('EDU201',2,10);
INSERT INTO Assessment VALUES('EDU201',3,15);
INSERT INTO Assessment VALUES('EDU201',4,20);
INSERT INTO Assessment VALUES('EDU202',1,5);
INSERT INTO Assessment VALUES('EDU202',2,10);
INSERT INTO Assessment VALUES('EDU202',3,15);
INSERT INTO Assessment VALUES('EDU202',4,20);
INSERT INTO Assessment VALUES('EDU203',1,5);
INSERT INTO Assessment VALUES('EDU203',2,10);
INSERT INTO Assessment VALUES('EDU203',3,15);
INSERT INTO Assessment VALUES('EDU203',4,20);
INSERT INTO Assessment VALUES('EDU204',1,5);
INSERT INTO Assessment VALUES('EDU204',2,10);
INSERT INTO Assessment VALUES('EDU204',3,15);
INSERT INTO Assessment VALUES('EDU204',4,20);
INSERT INTO Assessment VALUES('EDU301',1,5);
INSERT INTO Assessment VALUES('EDU301',2,10);
INSERT INTO Assessment VALUES('EDU301',3,15);
INSERT INTO Assessment VALUES('EDU301',4,20);
INSERT INTO Assessment VALUES('EDU302',1,5);
INSERT INTO Assessment VALUES('EDU302',2,10);
INSERT INTO Assessment VALUES('EDU302',3,15);
INSERT INTO Assessment VALUES('EDU302',4,20);
INSERT INTO Assessment VALUES('EDU303',1,5);
INSERT INTO Assessment VALUES('EDU303',2,10);
INSERT INTO Assessment VALUES('EDU303',3,15);
INSERT INTO Assessment VALUES('EDU303',4,20);
INSERT INTO Assessment VALUES('EDU304',1,5);
INSERT INTO Assessment VALUES('EDU304',2,10);
INSERT INTO Assessment VALUES('EDU304',3,15);
INSERT INTO Assessment VALUES('EDU304',4,20);
INSERT INTO Assessment VALUES('EDU401',1,5);
INSERT INTO Assessment VALUES('EDU401',2,10);
INSERT INTO Assessment VALUES('EDU401',3,15);
INSERT INTO Assessment VALUES('EDU401',4,20);
INSERT INTO Assessment VALUES('EDU402',1,5);
INSERT INTO Assessment VALUES('EDU402',2,10);
INSERT INTO Assessment VALUES('EDU402',3,15);
INSERT INTO Assessment VALUES('EDU402',4,20);
INSERT INTO Assessment VALUES('EDU403',1,5);
INSERT INTO Assessment VALUES('EDU403',2,10);
INSERT INTO Assessment VALUES('EDU403',3,15);
INSERT INTO Assessment VALUES('EDU403',4,20);
INSERT INTO Assessment VALUES('EDU404',1,5);
INSERT INTO Assessment VALUES('EDU404',2,10);
INSERT INTO Assessment VALUES('EDU404',3,15);
INSERT INTO Assessment VALUES('EDU404',4,20);
INSERT INTO Assessment VALUES('LAW101',1,5);
INSERT INTO Assessment VALUES('LAW101',2,10);
INSERT INTO Assessment VALUES('LAW101',3,15);
INSERT INTO Assessment VALUES('LAW101',4,20);
INSERT INTO Assessment VALUES('LAW102',1,5);
INSERT INTO Assessment VALUES('LAW102',2,10);
INSERT INTO Assessment VALUES('LAW102',3,15);
INSERT INTO Assessment VALUES('LAW102',4,20);
INSERT INTO Assessment VALUES('LAW103',1,5);
INSERT INTO Assessment VALUES('LAW103',2,10);
INSERT INTO Assessment VALUES('LAW103',3,15);
INSERT INTO Assessment VALUES('LAW103',4,20);
INSERT INTO Assessment VALUES('LAW104',1,5);
INSERT INTO Assessment VALUES('LAW104',2,10);
INSERT INTO Assessment VALUES('LAW104',3,15);
INSERT INTO Assessment VALUES('LAW104',4,20);
INSERT INTO Assessment VALUES('LAW201',1,5);
INSERT INTO Assessment VALUES('LAW201',2,10);
INSERT INTO Assessment VALUES('LAW201',3,15);
INSERT INTO Assessment VALUES('LAW201',4,20);
INSERT INTO Assessment VALUES('LAW202',1,5);
INSERT INTO Assessment VALUES('LAW202',2,10);
INSERT INTO Assessment VALUES('LAW202',3,15);
INSERT INTO Assessment VALUES('LAW202',4,20);
INSERT INTO Assessment VALUES('LAW203',1,5);
INSERT INTO Assessment VALUES('LAW203',2,10);
INSERT INTO Assessment VALUES('LAW203',3,15);
INSERT INTO Assessment VALUES('LAW203',4,20);
INSERT INTO Assessment VALUES('LAW204',1,5);
INSERT INTO Assessment VALUES('LAW204',2,10);
INSERT INTO Assessment VALUES('LAW204',3,15);
INSERT INTO Assessment VALUES('LAW204',4,20);
INSERT INTO Assessment VALUES('LAW301',1,5);
INSERT INTO Assessment VALUES('LAW301',2,10);
INSERT INTO Assessment VALUES('LAW301',3,15);
INSERT INTO Assessment VALUES('LAW301',4,20);
INSERT INTO Assessment VALUES('LAW302',1,5);
INSERT INTO Assessment VALUES('LAW302',2,10);
INSERT INTO Assessment VALUES('LAW302',3,15);
INSERT INTO Assessment VALUES('LAW302',4,20);
INSERT INTO Assessment VALUES('LAW303',1,5);
INSERT INTO Assessment VALUES('LAW303',2,10);
INSERT INTO Assessment VALUES('LAW303',3,15);
INSERT INTO Assessment VALUES('LAW303',4,20);
INSERT INTO Assessment VALUES('LAW304',1,5);
INSERT INTO Assessment VALUES('LAW304',2,10);
INSERT INTO Assessment VALUES('LAW304',3,15);
INSERT INTO Assessment VALUES('LAW304',4,20);
INSERT INTO Assessment VALUES('LAW401',1,5);
INSERT INTO Assessment VALUES('LAW401',2,10);
INSERT INTO Assessment VALUES('LAW401',3,15);
INSERT INTO Assessment VALUES('LAW401',4,20);
INSERT INTO Assessment VALUES('LAW402',1,5);
INSERT INTO Assessment VALUES('LAW402',2,10);
INSERT INTO Assessment VALUES('LAW402',3,15);
INSERT INTO Assessment VALUES('LAW402',4,20);
INSERT INTO Assessment VALUES('LAW403',1,5);
INSERT INTO Assessment VALUES('LAW403',2,10);
INSERT INTO Assessment VALUES('LAW403',3,15);
INSERT INTO Assessment VALUES('LAW403',4,20);
INSERT INTO Assessment VALUES('LAW404',1,5);
INSERT INTO Assessment VALUES('LAW404',2,10);
INSERT INTO Assessment VALUES('LAW404',3,15);
INSERT INTO Assessment VALUES('LAW404',4,20);
INSERT INTO Assessment VALUES('LAW501',1,5);
INSERT INTO Assessment VALUES('LAW501',2,10);
INSERT INTO Assessment VALUES('LAW501',3,15);
INSERT INTO Assessment VALUES('LAW501',4,20);
INSERT INTO Assessment VALUES('LAW502',1,5);
INSERT INTO Assessment VALUES('LAW502',2,10);
INSERT INTO Assessment VALUES('LAW502',3,15);
INSERT INTO Assessment VALUES('LAW502',4,20);
INSERT INTO Assessment VALUES('LAW503',1,5);
INSERT INTO Assessment VALUES('LAW503',2,10);
INSERT INTO Assessment VALUES('LAW503',3,15);
INSERT INTO Assessment VALUES('LAW503',4,20);
INSERT INTO Assessment VALUES('LAW504',1,5);
INSERT INTO Assessment VALUES('LAW504',2,10);
INSERT INTO Assessment VALUES('LAW504',3,15);
INSERT INTO Assessment VALUES('LAW504',4,20);
INSERT INTO Assessment VALUES('NURS101',1,5);
INSERT INTO Assessment VALUES('NURS101',2,10);
INSERT INTO Assessment VALUES('NURS101',3,15);
INSERT INTO Assessment VALUES('NURS101',4,20);
INSERT INTO Assessment VALUES('NURS102',1,5);
INSERT INTO Assessment VALUES('NURS102',2,10);
INSERT INTO Assessment VALUES('NURS102',3,15);
INSERT INTO Assessment VALUES('NURS102',4,20);
INSERT INTO Assessment VALUES('NURS103',1,5);
INSERT INTO Assessment VALUES('NURS103',2,10);
INSERT INTO Assessment VALUES('NURS103',3,15);
INSERT INTO Assessment VALUES('NURS103',4,20);
INSERT INTO Assessment VALUES('NURS104',1,5);
INSERT INTO Assessment VALUES('NURS104',2,10);
INSERT INTO Assessment VALUES('NURS104',3,15);
INSERT INTO Assessment VALUES('NURS104',4,20);
INSERT INTO Assessment VALUES('NURS201',1,5);
INSERT INTO Assessment VALUES('NURS201',2,10);
INSERT INTO Assessment VALUES('NURS201',3,15);
INSERT INTO Assessment VALUES('NURS201',4,20);
INSERT INTO Assessment VALUES('NURS202',1,5);
INSERT INTO Assessment VALUES('NURS202',2,10);
INSERT INTO Assessment VALUES('NURS202',3,15);
INSERT INTO Assessment VALUES('NURS202',4,20);
INSERT INTO Assessment VALUES('NURS203',1,5);
INSERT INTO Assessment VALUES('NURS203',2,10);
INSERT INTO Assessment VALUES('NURS203',3,15);
INSERT INTO Assessment VALUES('NURS203',4,20);
INSERT INTO Assessment VALUES('NURS204',1,5);
INSERT INTO Assessment VALUES('NURS204',2,10);
INSERT INTO Assessment VALUES('NURS204',3,15);
INSERT INTO Assessment VALUES('NURS204',4,20);
INSERT INTO Assessment VALUES('NURS301',1,5);
INSERT INTO Assessment VALUES('NURS301',2,10);
INSERT INTO Assessment VALUES('NURS301',3,15);
INSERT INTO Assessment VALUES('NURS301',4,20);
INSERT INTO Assessment VALUES('NURS302',1,5);
INSERT INTO Assessment VALUES('NURS302',2,10);
INSERT INTO Assessment VALUES('NURS302',3,15);
INSERT INTO Assessment VALUES('NURS302',4,20);
INSERT INTO Assessment VALUES('NURS303',1,5);
INSERT INTO Assessment VALUES('NURS303',2,10);
INSERT INTO Assessment VALUES('NURS303',3,15);
INSERT INTO Assessment VALUES('NURS303',4,20);
INSERT INTO Assessment VALUES('NURS304',1,5);
INSERT INTO Assessment VALUES('NURS304',2,10);
INSERT INTO Assessment VALUES('NURS304',3,15);
INSERT INTO Assessment VALUES('NURS304',4,20);
INSERT INTO Assessment VALUES('PSYC101',1,5);
INSERT INTO Assessment VALUES('PSYC101',2,10);
INSERT INTO Assessment VALUES('PSYC101',3,15);
INSERT INTO Assessment VALUES('PSYC101',4,20);
INSERT INTO Assessment VALUES('PSYC102',1,5);
INSERT INTO Assessment VALUES('PSYC102',2,10);
INSERT INTO Assessment VALUES('PSYC102',3,15);
INSERT INTO Assessment VALUES('PSYC102',4,20);
INSERT INTO Assessment VALUES('PSYC103',1,5);
INSERT INTO Assessment VALUES('PSYC103',2,10);
INSERT INTO Assessment VALUES('PSYC103',3,15);
INSERT INTO Assessment VALUES('PSYC103',4,20);
INSERT INTO Assessment VALUES('PSYC104',1,5);
INSERT INTO Assessment VALUES('PSYC104',2,10);
INSERT INTO Assessment VALUES('PSYC104',3,15);
INSERT INTO Assessment VALUES('PSYC104',4,20);
INSERT INTO Assessment VALUES('PSYC201',1,5);
INSERT INTO Assessment VALUES('PSYC201',2,10);
INSERT INTO Assessment VALUES('PSYC201',3,15);
INSERT INTO Assessment VALUES('PSYC201',4,20);
INSERT INTO Assessment VALUES('PSYC202',1,5);
INSERT INTO Assessment VALUES('PSYC202',2,10);
INSERT INTO Assessment VALUES('PSYC202',3,15);
INSERT INTO Assessment VALUES('PSYC202',4,20);
INSERT INTO Assessment VALUES('PSYC203',1,5);
INSERT INTO Assessment VALUES('PSYC203',2,10);
INSERT INTO Assessment VALUES('PSYC203',3,15);
INSERT INTO Assessment VALUES('PSYC203',4,20);
INSERT INTO Assessment VALUES('PSYC204',1,5);
INSERT INTO Assessment VALUES('PSYC204',2,10);
INSERT INTO Assessment VALUES('PSYC204',3,15);
INSERT INTO Assessment VALUES('PSYC204',4,20);
INSERT INTO Assessment VALUES('PSYC301',1,5);
INSERT INTO Assessment VALUES('PSYC301',2,10);
INSERT INTO Assessment VALUES('PSYC301',3,15);
INSERT INTO Assessment VALUES('PSYC301',4,20);
INSERT INTO Assessment VALUES('PSYC302',1,5);
INSERT INTO Assessment VALUES('PSYC302',2,10);
INSERT INTO Assessment VALUES('PSYC302',3,15);
INSERT INTO Assessment VALUES('PSYC302',4,20);
INSERT INTO Assessment VALUES('PSYC303',1,5);
INSERT INTO Assessment VALUES('PSYC303',2,10);
INSERT INTO Assessment VALUES('PSYC303',3,15);
INSERT INTO Assessment VALUES('PSYC303',4,20);
INSERT INTO Assessment VALUES('PSYC304',1,5);
INSERT INTO Assessment VALUES('PSYC304',2,10);
INSERT INTO Assessment VALUES('PSYC304',3,15);
INSERT INTO Assessment VALUES('PSYC304',4,20);
INSERT INTO Assessment VALUES('PSYC401',1,5);
INSERT INTO Assessment VALUES('PSYC401',2,10);
INSERT INTO Assessment VALUES('PSYC401',3,15);
INSERT INTO Assessment VALUES('PSYC401',4,20);
INSERT INTO Assessment VALUES('PSYC402',1,5);
INSERT INTO Assessment VALUES('PSYC402',2,10);
INSERT INTO Assessment VALUES('PSYC402',3,15);
INSERT INTO Assessment VALUES('PSYC402',4,20);
INSERT INTO Assessment VALUES('PSYC403',1,5);
INSERT INTO Assessment VALUES('PSYC403',2,10);
INSERT INTO Assessment VALUES('PSYC403',3,15);
INSERT INTO Assessment VALUES('PSYC403',4,20);
INSERT INTO Assessment VALUES('PSYC404',1,5);
INSERT INTO Assessment VALUES('PSYC404',2,10);
INSERT INTO Assessment VALUES('PSYC404',3,15);
INSERT INTO Assessment VALUES('PSYC404',4,20);
INSERT INTO Assessment VALUES('COMM101',1,5);
INSERT INTO Assessment VALUES('COMM101',2,10);
INSERT INTO Assessment VALUES('COMM101',3,15);
INSERT INTO Assessment VALUES('COMM101',4,20);
INSERT INTO Assessment VALUES('COMM102',1,5);
INSERT INTO Assessment VALUES('COMM102',2,10);
INSERT INTO Assessment VALUES('COMM102',3,15);
INSERT INTO Assessment VALUES('COMM102',4,20);
INSERT INTO Assessment VALUES('COMM103',1,5);
INSERT INTO Assessment VALUES('COMM103',2,10);
INSERT INTO Assessment VALUES('COMM103',3,15);
INSERT INTO Assessment VALUES('COMM103',4,20);
INSERT INTO Assessment VALUES('COMM104',1,5);
INSERT INTO Assessment VALUES('COMM104',2,10);
INSERT INTO Assessment VALUES('COMM104',3,15);
INSERT INTO Assessment VALUES('COMM104',4,20);
INSERT INTO Assessment VALUES('COMM201',1,5);
INSERT INTO Assessment VALUES('COMM201',2,10);
INSERT INTO Assessment VALUES('COMM201',3,15);
INSERT INTO Assessment VALUES('COMM201',4,20);
INSERT INTO Assessment VALUES('COMM202',1,5);
INSERT INTO Assessment VALUES('COMM202',2,10);
INSERT INTO Assessment VALUES('COMM202',3,15);
INSERT INTO Assessment VALUES('COMM202',4,20);
INSERT INTO Assessment VALUES('COMM203',1,5);
INSERT INTO Assessment VALUES('COMM203',2,10);
INSERT INTO Assessment VALUES('COMM203',3,15);
INSERT INTO Assessment VALUES('COMM203',4,20);
INSERT INTO Assessment VALUES('COMM204',1,5);
INSERT INTO Assessment VALUES('COMM204',2,10);
INSERT INTO Assessment VALUES('COMM204',3,15);
INSERT INTO Assessment VALUES('COMM204',4,20);
INSERT INTO Assessment VALUES('COMM301',1,5);
INSERT INTO Assessment VALUES('COMM301',2,10);
INSERT INTO Assessment VALUES('COMM301',3,15);
INSERT INTO Assessment VALUES('COMM301',4,20);
INSERT INTO Assessment VALUES('COMM302',1,5);
INSERT INTO Assessment VALUES('COMM302',2,10);
INSERT INTO Assessment VALUES('COMM302',3,15);
INSERT INTO Assessment VALUES('COMM302',4,20);
INSERT INTO Assessment VALUES('COMM303',1,5);
INSERT INTO Assessment VALUES('COMM303',2,10);
INSERT INTO Assessment VALUES('COMM303',3,15);
INSERT INTO Assessment VALUES('COMM303',4,20);
INSERT INTO Assessment VALUES('COMM304',1,5);
INSERT INTO Assessment VALUES('COMM304',2,10);
INSERT INTO Assessment VALUES('COMM304',3,15);
INSERT INTO Assessment VALUES('COMM304',4,20);
INSERT INTO Assessment VALUES('BUSS101',1,5);
INSERT INTO Assessment VALUES('BUSS101',2,10);
INSERT INTO Assessment VALUES('BUSS101',3,15);
INSERT INTO Assessment VALUES('BUSS101',4,20);
INSERT INTO Assessment VALUES('BUSS102',1,5);
INSERT INTO Assessment VALUES('BUSS102',2,10);
INSERT INTO Assessment VALUES('BUSS102',3,15);
INSERT INTO Assessment VALUES('BUSS102',4,20);
INSERT INTO Assessment VALUES('BUSS103',1,5);
INSERT INTO Assessment VALUES('BUSS103',2,10);
INSERT INTO Assessment VALUES('BUSS103',3,15);
INSERT INTO Assessment VALUES('BUSS103',4,20);
INSERT INTO Assessment VALUES('BUSS104',1,5);
INSERT INTO Assessment VALUES('BUSS104',2,10);
INSERT INTO Assessment VALUES('BUSS104',3,15);
INSERT INTO Assessment VALUES('BUSS104',4,20);
INSERT INTO Assessment VALUES('BUSS201',1,5);
INSERT INTO Assessment VALUES('BUSS201',2,10);
INSERT INTO Assessment VALUES('BUSS201',3,15);
INSERT INTO Assessment VALUES('BUSS201',4,20);
INSERT INTO Assessment VALUES('BUSS202',1,5);
INSERT INTO Assessment VALUES('BUSS202',2,10);
INSERT INTO Assessment VALUES('BUSS202',3,15);
INSERT INTO Assessment VALUES('BUSS202',4,20);
INSERT INTO Assessment VALUES('BUSS203',1,5);
INSERT INTO Assessment VALUES('BUSS203',2,10);
INSERT INTO Assessment VALUES('BUSS203',3,15);
INSERT INTO Assessment VALUES('BUSS203',4,20);
INSERT INTO Assessment VALUES('BUSS204',1,5);
INSERT INTO Assessment VALUES('BUSS204',2,10);
INSERT INTO Assessment VALUES('BUSS204',3,15);
INSERT INTO Assessment VALUES('BUSS204',4,20);
INSERT INTO Assessment VALUES('BUSS301',1,5);
INSERT INTO Assessment VALUES('BUSS301',2,10);
INSERT INTO Assessment VALUES('BUSS301',3,15);
INSERT INTO Assessment VALUES('BUSS301',4,20);
INSERT INTO Assessment VALUES('BUSS302',1,5);
INSERT INTO Assessment VALUES('BUSS302',2,10);
INSERT INTO Assessment VALUES('BUSS302',3,15);
INSERT INTO Assessment VALUES('BUSS302',4,20);
INSERT INTO Assessment VALUES('BUSS303',1,5);
INSERT INTO Assessment VALUES('BUSS303',2,10);
INSERT INTO Assessment VALUES('BUSS303',3,15);
INSERT INTO Assessment VALUES('BUSS303',4,20);
INSERT INTO Assessment VALUES('BUSS304',1,5);
INSERT INTO Assessment VALUES('BUSS304',2,10);
INSERT INTO Assessment VALUES('BUSS304',3,15);
INSERT INTO Assessment VALUES('BUSS304',4,20);

